event_ns,lane,note_id,stage,judgment,delay_ns
1345998713,1,0,calibration,perfect,365105
1471998587,1,1,calibration,perfect,1046050
1535006134,0,2,calibration,perfect,390985
1547997792,1,3,calibration,perfect,413035
1586999384,0,4,calibration,perfect,899152
1627999235,1,5,calibration,perfect,799135
1653002722,0,6,calibration,perfect,978812
1767999934,1,7,calibration,perfect,1178492
1774998375,0,8,calibration,perfect,815226
1826997570,1,9,calibration,perfect,464021
2109009667,0,10,calibration,perfect,1014590
2136997947,1,11,calibration,perfect,832440
2657000577,1,12,calibration,perfect,907063
2767997660,1,13,calibration,perfect,1166812
2938998289,1,14,calibration,perfect,951317
3001997483,0,15,calibration,perfect,847918
3035000734,1,16,calibration,perfect,812436
3115004328,1,17,calibration,perfect,615977
3175997490,0,18,calibration,perfect,1263425
3207004051,1,19,calibration,perfect,1025350
3450997655,0,20,calibration,perfect,931187
3515004408,1,21,calibration,perfect,477339
3832998165,0,22,calibration,perfect,959467
3845997910,1,23,calibration,perfect,496778
4060997550,1,24,calibration,perfect,808304
4067999932,0,25,calibration,perfect,187378
4107998210,1,26,calibration,perfect,843434
4155997643,0,27,calibration,perfect,540106
4327998565,0,28,calibration,perfect,735321
4544999188,1,29,calibration,perfect,853654
4690999664,0,30,calibration,perfect,592453
4707000581,1,31,calibration,perfect,788436
4772998839,1,32,calibration,perfect,1047124
4796002531,0,33,calibration,perfect,602133
5053007605,0,34,calibration,perfect,1231147
5191778909,0,35,calibration,perfect,490813
5287188336,0,36,calibration,perfect,455622
5293135482,1,37,calibration,perfect,1155007
5350123943,0,38,calibration,perfect,1180085
5354122676,1,39,calibration,perfect,526896
5490127014,0,40,calibration,perfect,1333870
5590124583,1,41,calibration,perfect,1373742
5617125603,0,42,calibration,perfect,1094531
5690123807,0,43,calibration,perfect,286867
5699122661,1,44,calibration,perfect,1151657
5834124022,1,45,calibration,perfect,1190489
5928122907,1,46,calibration,perfect,1027714
11211122594,1,47,scored,perfect,-383844
11346150023,0,48,scored,perfect,64558
11493124109,0,49,scored,perfect,-493051
11504123253,1,50,scored,perfect,-20349
11643133030,0,51,scored,perfect,-217597
11774372005,1,52,scored,perfect,-314513
11798370998,0,53,scored,perfect,-131915
11892368776,1,54,scored,perfect,219970
11904368558,0,55,scored,perfect,-497850
11974368981,1,56,scored,perfect,-580116
12175370397,1,57,scored,perfect,303520
12183373632,0,58,scored,perfect,-445119
12288372370,0,59,scored,perfect,-600022
12331369393,0,60,scored,perfect,-299948
12449368780,1,61,scored,perfect,162876
12452368792,0,62,scored,perfect,-385860
12491369578,1,63,scored,perfect,-249040
12502368802,0,64,scored,perfect,-310333
12651371597,1,65,scored,perfect,-2050
12658369778,0,66,scored,perfect,87864
12760368131,0,67,scored,perfect,148550
13571416067,1,68,scored,perfect,-413772
13661372730,0,69,scored,perfect,113127
13702372658,0,70,scored,perfect,387358
13805372368,1,71,scored,perfect,322248
13916373611,0,72,scored,perfect,-367529
13918371766,1,73,scored,perfect,343384
13983370594,0,74,scored,perfect,-304812
14156374461,1,75,scored,perfect,228488
14216372991,1,76,scored,perfect,-451482
14315373005,0,77,scored,perfect,339677
15036371742,0,78,scored,perfect,-16162
15078372124,1,79,scored,perfect,115620
15129371484,0,80,scored,perfect,446029
15232372392,1,81,scored,perfect,-481313
15268369916,0,82,scored,perfect,43915
15659371909,0,83,scored,perfect,-496425
15691368666,1,84,scored,perfect,-346728
15737370776,1,85,scored,perfect,-520090
15828369309,1,86,scored,perfect,-418667
16046439723,0,87,scored,perfect,372141
16873371688,0,88,scored,perfect,-577097
17008374675,1,89,scored,perfect,315894
17222374892,1,90,scored,perfect,194979
17450368902,0,91,scored,perfect,113842
17654369415,1,92,scored,perfect,-113121
17801368240,1,93,scored,perfect,-386776
17891372900,0,94,scored,perfect,-646169
18352372763,1,95,scored,perfect,64291
18512373937,1,96,scored,perfect,-353488
18636371456,1,97,scored,perfect,133255
18822371319,0,98,scored,perfect,-603641
18896372969,1,99,scored,perfect,-269814
18903371157,0,100,scored,perfect,-358543
19160368972,0,101,scored,perfect,-32320
19267369056,0,102,scored,perfect,-293295
19331368990,0,103,scored,perfect,-493987
19338368974,1,104,scored,perfect,-330402
19534370999,1,105,scored,perfect,54280
19600373233,0,106,scored,perfect,-393247
19619371909,1,107,scored,perfect,-13273
19680372324,1,108,scored,perfect,-449165
19749372226,1,109,scored,perfect,327630
19864369183,0,110,scored,perfect,-448095
19968369856,1,111,scored,perfect,48810
20005369577,0,112,scored,perfect,-51956
20144372352,0,113,scored,perfect,47729
20215372457,1,114,scored,perfect,-283653
20249548732,0,115,scored,perfect,-450919
20308547250,1,116,scored,perfect,162727
20514615663,0,117,scored,perfect,-500842
20576614635,1,118,scored,perfect,-632758
20916615694,1,119,scored,perfect,-346051
20970637766,1,120,scored,perfect,-448718
21101635614,0,121,scored,perfect,32309
21373710255,0,122,scored,perfect,164308
21390712650,1,123,scored,perfect,352820
21541711758,0,124,scored,perfect,356616
21603718386,1,125,scored,perfect,326231
21652720681,1,126,scored,perfect,-478026
21701709057,0,127,scored,perfect,60691
21840712970,0,128,scored,perfect,394627
21849710986,1,129,scored,perfect,182280
22086710425,1,130,scored,perfect,-29223
22916710075,1,131,scored,perfect,-657610
22954709354,0,132,scored,perfect,164874
23169709289,1,133,scored,perfect,84
23198707732,0,134,scored,perfect,-511848
23274716459,0,135,scored,perfect,-642436
23415715401,1,136,scored,perfect,-50231
23825708744,1,137,scored,perfect,-56362
23848707625,0,138,scored,perfect,-54430
23894730637,1,139,scored,perfect,-104945
24177708050,1,140,scored,perfect,171508
24182709661,0,141,scored,perfect,283675
24244708591,0,142,scored,perfect,-221886
24372707814,1,143,scored,perfect,-442663
24407709324,0,144,scored,perfect,-236494
24816709309,1,145,scored,perfect,208756
24896709968,1,146,scored,perfect,-117945
24911708389,0,147,scored,perfect,102284
25014709139,1,148,scored,perfect,24452
25017709526,0,149,scored,perfect,-509629
25055709538,1,150,scored,perfect,-812249
25558709003,1,151,scored,perfect,-589300
25585707743,0,152,scored,perfect,-554856
25622708016,1,153,scored,perfect,-701555
25692711949,1,154,scored,perfect,-294008
25902708099,0,155,scored,perfect,-669889
25987713704,1,156,scored,perfect,154123
26235708455,1,157,scored,perfect,318082
26290708777,0,158,scored,perfect,-340036
26405709007,0,159,scored,perfect,-233263
26430708222,1,160,scored,perfect,-264218
26593708350,0,161,scored,perfect,403160
26731709066,1,162,scored,perfect,-375336
26847708414,1,163,scored,perfect,-631602
27009711372,1,164,scored,perfect,-112155
27131709033,0,165,scored,perfect,-108134
27372707679,1,166,scored,perfect,-557033
27578708346,0,167,scored,perfect,-292282
27590709297,1,168,scored,perfect,361608
27677709205,0,169,scored,perfect,-582941
27765708688,0,170,scored,perfect,248478
27991711953,1,171,scored,perfect,45225
28203708163,1,172,scored,perfect,-285430
28238708265,0,173,scored,perfect,-543797
28253708051,1,174,scored,perfect,22271
28287708367,0,175,scored,perfect,-582419
28345709863,1,176,scored,perfect,64370
28452713355,0,177,scored,perfect,127714
28880708926,1,178,scored,perfect,-659381
29296710059,1,179,scored,perfect,-519724
29334709785,0,180,scored,perfect,116492
29363707579,1,181,scored,perfect,35054
29560707920,0,182,scored,perfect,-106139
29575708042,1,183,scored,perfect,-244654
29708708368,1,184,scored,perfect,185657
29923707947,0,185,scored,perfect,-42088
30110715724,0,186,scored,perfect,232039
30316708630,1,187,scored,perfect,113895
30441708067,0,188,scored,perfect,72857
30466749634,1,189,scored,perfect,-53032
30565708043,1,190,scored,perfect,-171614
30658710421,0,191,scored,perfect,171140
30749707806,0,192,scored,perfect,-379065
30816708361,0,193,scored,perfect,-227433
30823707929,1,194,scored,perfect,279500
30948708513,1,195,scored,perfect,443841
31118710069,1,196,scored,perfect,-458478
31280727924,1,197,scored,perfect,-233778
31353729259,0,198,scored,perfect,213581
31676708851,1,199,scored,perfect,150899
31689715807,0,200,scored,perfect,-55803
31721710265,1,201,scored,perfect,-86948
31735717436,0,202,scored,perfect,-526635
32169710446,0,203,scored,perfect,-576440
32396710427,0,204,scored,perfect,-434167
32491729040,0,205,scored,perfect,149737
32552708768,0,206,scored,perfect,-620995
32715707898,1,207,scored,perfect,373178
33007708335,1,208,scored,perfect,13417
33897707710,1,209,scored,perfect,-7766
33906709267,0,210,scored,perfect,20248
34409710631,1,211,scored,perfect,-465890
34602709057,0,212,scored,perfect,-417518
35126707724,0,213,scored,perfect,188769
35152709007,1,214,scored,perfect,-281961
35278710874,0,215,scored,perfect,-67240
35646709675,1,216,scored,perfect,-309476
36278648818,1,217,scored,perfect,-505492
36614648923,0,218,scored,perfect,-32682
37051656508,0,219,scored,perfect,-420655
37145648685,0,220,scored,perfect,-124581
37490649168,0,221,scored,perfect,-190043
37490649946,1,222,scored,perfect,-619609
37593618734,1,223,scored,perfect,267980
37691650120,0,224,scored,perfect,-440796
37762617916,1,225,scored,perfect,-658343
38032617868,1,226,scored,perfect,-478460
38098624675,1,227,scored,perfect,157633
38216509670,0,228,scored,perfect,-131715
38227514927,1,229,scored,perfect,82224
38351539724,0,230,scored,perfect,-188103
38542517036,0,231,scored,perfect,-149382
38575515110,1,232,scored,perfect,-233612
38787509627,0,233,scored,perfect,-562978
39151642367,0,234,scored,perfect,-109698
39211551713,1,235,scored,perfect,243055
39222519862,0,236,scored,perfect,-497534
39315548799,0,237,scored,perfect,-554803
39375518575,0,238,scored,perfect,-545225
39521511850,0,239,scored,perfect,-43930
39662510155,0,240,scored,perfect,-163836
39749562583,1,241,scored,perfect,-225297
40009553823,1,242,scored,perfect,145985
40535510641,1,243,scored,perfect,-370748
40578509033,1,244,scored,perfect,-197824
40644513797,1,245,scored,perfect,148522
40819510293,0,246,scored,perfect,307231
40836513061,1,247,scored,perfect,-30546
41682515425,0,248,scored,perfect,43458
41687507454,1,249,scored,perfect,-316487
41741510579,0,250,scored,perfect,-234019
42021692568,1,251,scored,perfect,-36833
42119674887,0,252,scored,perfect,-344836
42224667257,1,253,scored,perfect,150659
42359668160,0,254,scored,perfect,-497508
42421668898,1,255,scored,perfect,-510436
42455667331,0,256,scored,perfect,198851
42929666531,0,257,scored,perfect,-101271
43018666628,1,258,scored,perfect,-1709
43215666489,0,259,scored,perfect,-338502
43275666952,1,260,scored,perfect,174479
43331669030,1,261,scored,perfect,42419
43373702216,0,262,scored,perfect,-37359
43808670579,1,263,scored,perfect,128438
44023665517,0,264,scored,perfect,275904
44110667013,1,265,scored,perfect,315626
44140666624,0,266,scored,perfect,-639945
44179665845,1,267,scored,perfect,68481
44248665861,0,268,scored,perfect,402335
44284667199,1,269,scored,perfect,-455028
44290667690,0,270,scored,perfect,278825
44384667122,1,271,scored,perfect,-519078
44399671896,0,272,scored,perfect,343880
44543668105,1,273,scored,perfect,-93690
44583666201,0,274,scored,perfect,-71008
44875665934,1,275,scored,perfect,145210
44915671713,0,276,scored,perfect,269219
45012665417,0,277,scored,perfect,164873
45069666422,0,278,scored,perfect,-197461
45106665802,1,279,scored,perfect,275806
45182666152,0,280,scored,perfect,92766
45229665798,1,281,scored,perfect,309214
45259666969,0,282,scored,perfect,-241878
45563694783,0,283,scored,perfect,204941
45661666331,1,284,scored,perfect,-54393
45912668909,0,285,scored,perfect,134497
45959667682,0,286,scored,perfect,-250772
46012665795,0,287,scored,perfect,343164
46208696209,0,288,scored,perfect,278645
46444670418,0,289,scored,perfect,-396605
46658665906,1,290,scored,perfect,224470
46718666499,1,291,scored,perfect,-53905
46732667653,0,292,scored,perfect,-372743
47227669676,0,293,scored,perfect,-79122
47564666631,0,294,scored,perfect,-215527
47721667357,1,295,scored,perfect,-20277
48013666115,1,296,scored,perfect,219160
48259667594,0,297,scored,perfect,-183544
48271668134,1,298,scored,perfect,-463072
48427667337,1,299,scored,perfect,322411
48559667328,0,300,scored,perfect,-141911
48577666382,1,301,scored,perfect,-340376
48649666404,1,302,scored,perfect,-331095
48795667719,0,303,scored,perfect,57755
48815673261,1,304,scored,perfect,116574
48862669631,0,305,scored,perfect,-347123
48948666236,1,306,scored,perfect,-102473
48971669175,0,307,scored,perfect,-440823
49049666131,0,308,scored,perfect,-308640
49105665982,0,309,scored,perfect,12137
49221666284,1,310,scored,perfect,185359
49320666350,0,311,scored,perfect,-327462
49380666611,1,312,scored,perfect,-769910
49511665530,0,313,scored,perfect,-154202
49545666558,1,314,scored,perfect,249017
49555665991,0,315,scored,perfect,-369054
49609691180,1,316,scored,perfect,449100
49862668976,0,317,scored,perfect,194432
49973665702,0,318,scored,perfect,-497149
50157681112,1,319,scored,perfect,-422441
50239666242,0,320,scored,perfect,-13751
50349665710,0,321,scored,perfect,-754519
50393667131,1,322,scored,perfect,-578367
50442667259,1,323,scored,perfect,-142870
50509708277,0,324,scored,perfect,-6875
50512665103,1,325,scored,perfect,-511491
50698665578,1,326,scored,perfect,85586
50717666649,0,327,scored,perfect,-526136
50916667145,0,328,scored,perfect,-304128
51378772545,0,329,scored,perfect,-484718
51415756237,1,330,scored,perfect,428498
51438760684,0,331,scored,perfect,-319285
51641752345,0,332,scored,perfect,-539398
51851759201,0,333,scored,perfect,-441155
52002756867,0,334,scored,perfect,360631
52029752790,1,335,scored,perfect,-21007
52286749988,1,336,scored,perfect,-455788
52291748162,0,337,scored,perfect,-136170
52693751684,0,338,scored,perfect,221803
52713799751,1,339,scored,perfect,-161038
52807748268,1,340,scored,perfect,-481608
53036761650,1,341,scored,perfect,-449763
53058769430,0,342,scored,perfect,16693
53134757551,0,343,scored,perfect,-349686
53173759373,1,344,scored,perfect,74797
53257760683,1,345,scored,perfect,275233
53308770888,0,346,scored,perfect,127648
53397754924,1,347,scored,perfect,-686529
53486765358,0,348,scored,perfect,-103076
53604770877,0,349,scored,perfect,-144045
53611773221,1,350,scored,perfect,-427462
53669774369,0,351,scored,perfect,18574
53916774281,1,352,scored,perfect,-679656
54058822738,1,353,scored,perfect,18194
54107774176,0,354,scored,perfect,32751
54199772611,1,355,scored,perfect,-458013
54246771680,0,356,scored,perfect,-137588
54283769946,1,357,scored,perfect,287179
54320770826,0,358,scored,perfect,-149243
54446772251,1,359,scored,perfect,-540424
54535775007,1,360,scored,perfect,376860
54563770381,0,361,scored,perfect,-633554
54819770534,1,362,scored,perfect,-60795
54918774633,0,363,scored,perfect,-265601
54979771233,1,364,scored,perfect,-507505
55316792879,1,365,scored,perfect,-314247
55568773161,0,366,scored,perfect,156611
55593773329,1,367,scored,perfect,40252
55824770878,0,368,scored,perfect,186975
55983792392,0,369,scored,perfect,-16655
56024770656,1,370,scored,perfect,-330253
56167770075,0,371,scored,perfect,-69952
56630771268,1,372,scored,perfect,-509373
56699789603,0,373,scored,perfect,-245133
56759777012,0,374,scored,perfect,83236
56831775289,1,375,scored,perfect,-178746
56850771637,0,376,scored,perfect,188203
57003771694,1,377,scored,perfect,252777
57160513268,0,378,scored,perfect,-291196
57195514264,1,379,scored,perfect,-393929
57278516029,1,380,scored,perfect,-533453
57314516908,0,381,scored,perfect,-53862
57446519795,1,382,scored,perfect,-193221
57472516983,0,383,scored,perfect,-537194
57671513767,0,384,scored,perfect,229065
57823511866,1,385,scored,perfect,-643398
57825512720,0,386,scored,perfect,-419209
58001512795,1,387,scored,perfect,-611053
58098516583,0,388,scored,perfect,-712553
58165515193,0,389,scored,perfect,-136833
58202515407,1,390,scored,perfect,-340934
58267512265,0,391,scored,perfect,-402414
58274514918,1,392,scored,perfect,-460697
58371511105,0,393,scored,perfect,-150255
58417509966,1,394,scored,perfect,-638111
58472513206,0,395,scored,perfect,-162110
58902517280,1,396,scored,perfect,193451
58903513260,0,397,scored,perfect,112765
59211549277,0,398,scored,perfect,-486835
59251521847,1,399,scored,perfect,-734537
59301512366,0,400,scored,perfect,-123275
59579509685,0,401,scored,perfect,-232374
59595513926,1,402,scored,perfect,-591874
59808513859,0,403,scored,perfect,-97076
59902510590,1,404,scored,perfect,-229164
59960511639,0,405,scored,perfect,179763
60084512250,0,406,scored,perfect,49216
60202517212,1,407,scored,perfect,-244796
60219517492,0,408,scored,perfect,181775
60396515514,0,409,scored,perfect,-216625
60766510835,0,410,scored,perfect,-256324
60811513563,1,411,scored,perfect,-507491
60938511576,1,412,scored,perfect,-127777
